framework_name,name,category,topic,description
BFH Master-Kompetenzrahmen 2026,Business & Business IT,Professional,Disciplinary,"Studierende können Geschäftsmodelle, Managementstrategien und technologische Lösungen analysieren und anwenden, um die organisationale Effizienz zu verbessern und Geschäftswert im Einklang mit Unternehmenszielen und Marktanforderungen zu schaffen."
BFH Master-Kompetenzrahmen 2026,Business & Scientific Methods,Professional,Methodological,"Studierende können geeignete betriebswirtschaftliche, wissenschaftliche und Projektmanagementmethoden auswählen, anwenden und integrieren, um organisationale Herausforderungen zu untersuchen, Aufgaben und Ressourcen zu strukturieren und evidenzbasierte Entscheidungen zu unterstützen."
BFH Master-Kompetenzrahmen 2026,Self-Management & Reflection,Professional,Personal,"Studierende können ihre Zeit managen, Ziele setzen und Selbstreflexion nutzen, um Resilienz, Wohlbefinden und kontinuierliches Wachstum in dynamischen und unsicheren Umfeldern zu fördern."
BFH Master-Kompetenzrahmen 2026,Communication & Collaboration,Professional,Social,"Studierende können klar kommunizieren und argumentieren, in diversen und interdisziplinären Teams wirksam zusammenarbeiten, Konflikte konstruktiv bearbeiten und zu einer produktiven Teamdynamik beitragen."
BFH Master-Kompetenzrahmen 2026,Strategic Resource Management,Entrepreneurial,Disciplinary,"Studierende mobilisieren und allokieren finanzielle, personelle und technologische Ressourcen strategisch, um innovative Geschäftsideen zu initiieren und zu skalieren, und richten den Ressourceneinsatz an Kundenbedürfnissen und Marktchancen aus."
BFH Master-Kompetenzrahmen 2026,Creative Innovation & Strategic Vision,Entrepreneurial,Methodological,"Studierende entwickeln und evaluieren innovative Ideen, lernen aus Erfahrungen und entwickeln eine strategische Vision."
BFH Master-Kompetenzrahmen 2026,Entrepreneurial Mindset & Growth Mindset,Entrepreneurial,Personal,"Studierende handeln selbstreflektiert und ausdauernd, ergreifen Initiative und entwickeln ein Growth Mindset, um unternehmerische Ziele zu verfolgen."
BFH Master-Kompetenzrahmen 2026,Strategic Networking & Stakeholder Mobilization,Entrepreneurial,Social,"Studierende bauen strategische Netzwerke auf, mobilisieren Stakeholder und führen kollaborative Anstrengungen zur Umsetzung unternehmerischer Initiativen."
BFH Master-Kompetenzrahmen 2026,Systems Thinking & Problem Framing,Sustainable,Disciplinary,"Studierende wenden systemisches und vernetztes Denken an und rahmen nachhaltigkeitsbezogene Probleme so, dass Geschäftsmodelle mit ökologischen und sozialen Zielen in Einklang gebracht werden können."
BFH Master-Kompetenzrahmen 2026,Critical Thinking & Adaptive Exploration,Sustainable,Methodological,"Studierende erkunden komplexe unternehmerische Herausforderungen und entwickeln adaptive Lösungen durch reflektiertes und kritisches Denken."
BFH Master-Kompetenzrahmen 2026,Sustainability Reflection & Futures Literacy,Sustainable,Personal,"Studierende reflektieren Nachhaltigkeitsprinzipien kritisch, explorieren Zukunftsszenarien und beurteilen deren Implikationen für verantwortungsvolle Entscheidungen in komplexen Systemen."
BFH Master-Kompetenzrahmen 2026,Collaborative Sustainability Strategies,Sustainable,Social,"Studierende verstehen Dynamiken kollektiver Entscheidungsfindung und evaluieren Strategien, die Nachhaltigkeit in organisationalen und gesellschaftlichen Kontexten fördern."
BFH Master-Kompetenzrahmen 2026,Digital Technologies,Digital,Disciplinary,"Studierende zeigen Verständnis für digitale Technologien einschliesslich KI und analysieren komplexe Zusammenhänge in technischen und soziotechnischen Systemen."
BFH Master-Kompetenzrahmen 2026,Data Application,Digital,Methodological,"Studierende wenden geeignete KI-basierte Systeme und Datenanalysetools an und evaluieren diese, um Informationen für betriebswirtschaftliche Zwecke zu gewinnen und zu nutzen."
BFH Master-Kompetenzrahmen 2026,Digital Ethics & Responsibilities,Digital,Personal,"Studierende reflektieren die ethischen Implikationen von KI- und Datennutzung und übernehmen Verantwortung für ihr digitales Handeln."
BFH Master-Kompetenzrahmen 2026,Data Communication & Collaboration in Digital Teams,Digital,Social,"Studierende kommunizieren Datenerkenntnisse klar und arbeiten in digitalen Teams wirksam zusammen."
